Buchungstag;Wertstellung;Umsatzart;Buchungstext;Betrag;Währung;IBAN Kontoinhaber;Kategorie
29.12.23;31.12.23;Zinsen/Entgelte;Rechnungsabschluss Konto  562897900 EUR BLZ   200 400 48 vom 30.09.2023 bis 31.12.2023 Saldo nach Abschluss  634,54  EUR w/ Genehmigung des Abschlusses;0;EUR;DE88250450480561897920;Einnahmen
29.12.23;29.12.23;Lastschrift;Ullrich Fil. 4023//Berlin/DE 2023-12-28T16:25:00 KFN 0  VJ 2412 Kartenzahlung;-5,96;EUR;DE88250450480561897920;Online- & Einzelhandel
28.12.23;28.12.23;Lastschrift;Netto ApS . Co. KG EL+ 69091174 23.12 14:37 KARTE00 FI L.6317 Netto ApS . Co. KG BRANDENBU RG End-to-End-Ref.: 690911740535382312231437281223A1358 Mandatsref: 6909117481552312231437 Gläubiger-ID: DE82CC000000346626 SEPA-BASISLASTSCHRIFT erstmalig;-24,01;EUR;DE88250450480561897920;Lebenshaltung
28.12.23;28.12.23;Lastschrift;AMAZON PAYMENTS EUROPE S.C.A. 304-3138762-9299542 AMZN Mktp DE 5E 2CLGUIM8Z07JJ0 End-to-End-Ref.: 5E2CLGUIM8Z07JJ0 Mandatsref: cg?D.cLrbGooKkIFHsiYp7mDfxlYSf Gläubiger-ID: DE94ZZZ00000561653 SEPA-BASISLASTSCHRIFT wiederholend;-25,99;EUR;DE88250450480561897920;Online- & Einzelhandel
28.12.23;28.12.23;Lastschrift;PayPal Europe S.a.r.l. et Cie S.C.A 1031481691021/PP.6317.PP/. kinoheld  GmbH, Ihr Einkauf bei kinoheld Gmb H End-to-End-Ref.: 1031481691021 Mandatsref: 4F7J224VSB6UL Gläubiger-ID: LU96ZZZ0000000000000000058 SEPA-BASISLASTSCHRIFT wiederholend;-12;EUR;DE88250450480561897920;Freizeit
27.12.23;27.12.23;Lastschrift;K-MOTION GMBH + CO.KG//BRANDENBURG/ 2023-12-23T19:25:04 KFN 0  VJ 2412 Kartenzahlung;-8,5;EUR;DE88250450480561897920;Online- & Einzelhandel
22.12.23;22.12.23;Lastschrift;1599-10106 WITTSTOCK//Wittstock/DE 2023-12-21T10:31:18 KFN 0  VJ 2412 Kartenzahlung;-1;EUR;DE88250450480561897920;Online- & Einzelhandel
22.12.23;22.12.23;Lastschrift;01812 MCDONALDS//HEILIGENGRABE/DE 2023-12-21T10:37:26 KFN 0  VJ 2412 Kartenzahlung;-6,99;EUR;DE88250450480561897920;Restaurants & Bars
22.12.23;22.12.23;Überweisung;Patra Gusto MONATL ZUSCHUSS 01/24 End-to-End-Ref.: NOTPROVIDED Kundenreferenz: NSCT2312220008350000000000000000007;100;EUR;DE88250450480561897920;Einnahmen
21.12.23;21.12.23;Lastschrift;DA.ner Meile//Hamburg/DE 2023-12-20T18:45:45 KFN 0  VJ 2412 Kartenzahlung;-7;EUR;DE88250450480561897920;Restaurants & Bars
20.12.23;20.12.23;Lastschrift;SumUp  .Fleetenkieker/Borsenbrucke 2023-12-18T19:53:14 KFN 0  VJ 2412 Kartenzahlung;-5,8;EUR;DE88250450480561897920;Online- & Einzelhandel
19.12.23;19.12.23;Lastschrift;Galopper des Jahres/Schulterblatt/H 2023-12-15T20:51:30 KFN 0  VJ 2412 Kartenzahlung;-11;EUR;DE88250450480561897920;Online- & Einzelhandel
19.12.23;19.12.23;Lastschrift;Galopper des Jahres/Schulterblatt/H 2023-12-15T21:39:31 KFN 0  VJ 2412 Kartenzahlung;-12,1;EUR;DE88250450480561897920;Online- & Einzelhandel
19.12.23;19.12.23;Lastschrift;Hanoi Deli//Hamburg/DE 2023-12-18T19:01:25 KFN 0  VJ 2412 Kartenzahlung;-21;EUR;DE88250450480561897920;Restaurants & Bars
19.12.23;19.12.23;Lastschrift;ZOE II - SOFABAR//Hamburg/DE 2023-12-15T19:09:53 KFN 0  VJ 2412 Kartenzahlung;-10;EUR;DE88250450480561897920;Online- & Einzelhandel
19.12.23;19.12.23;Lastschrift;ZOE III - SOFABAR//Hamburg/DE 2023-12-15T23:16:52 KFN 0  VJ 2412 Kartenzahlung;-13;EUR;DE88250450480561897920;Online- & Einzelhandel
18.12.23;18.12.23;Lastschrift;Kerzenwerk Melle Kerzenwerk Melle//Melle/DE 2023-12-15T12:30:32 KFN 0  VJ 2412 Kartenzahlung;-29;EUR;DE88250450480561897920;Online- & Einzelhandel
18.12.23;18.12.23;Lastschrift;ZOE III - SOFABAR//Hamburg/DE 2023-12-16T00:03:42 KFN 0  VJ 2412 Kartenzahlung;-16,5;EUR;DE88250450480561897920;Online- & Einzelhandel
18.12.23;18.12.23;Lastschrift;PundB 102//Hamburg/DE 2023-12-15T09:34:10 KFN 0  VJ 2412 Kartenzahlung;-18,7;EUR;DE88250450480561897920;Restaurants & Bars
18.12.23;18.12.23;Lastschrift;REWE SAGT DANKE. 41400351//Hamburg/ 2023-12-16T13:01:36 KFN 0  VJ 2412 Kartenzahlung;-3,48;EUR;DE88250450480561897920;Lebenshaltung
18.12.23;18.12.23;Überweisung;Peter Parker AUFLADEN AUSGABEN Dez 23 End-to-End-Ref.: NOTPROVIDED Kundenreferenz: NSCT2312180003990000000000000000001;500;EUR;DE88250450480561897920;Einnahmen
18.12.23;18.12.23;Lastschrift;CPH COFFEE LAB/Monckebergstrabe 27/ 2023-12-15T13:10:33 KFN 0  VJ 2412 Kartenzahlung;-7,1;EUR;DE88250450480561897920;Restaurants & Bars
15.12.23;15.12.23;Lastschrift;1. SUSHI SUPPLY FRANCHISE//HAMBURG/ 2023-12-14T19:49:32 KFN 0  VJ 2412 Kartenzahlung;-5,9;EUR;DE88250450480561897920;Restaurants & Bars
15.12.23;15.12.23;Lastschrift;EDEKA ARFF//HAMBURG/DE 2023-12-14T09:44:37 KFN 0  VJ 2412 Kartenzahlung;-8,47;EUR;DE88250450480561897920;Lebenshaltung
13.12.23;13.12.23;Lastschrift;PayPal Europe S.a.r.l. et Cie S.C.A 1031214844537/PP.6317.PP/. DisneyPl us, Ihr Einkauf bei DisneyPlus End-to-End-Ref.: 1031214844537 Mandatsref: 4F7J224VSB6UL Gläubiger-ID: LU96ZZZ0000000000000000058 SEPA-BASISLASTSCHRIFT wiederholend;-5,99;EUR;DE88250450480561897920;Freizeit
13.12.23;13.12.23;Lastschrift;PayPal (Europe) S.a r.l. et Cie, S. C.A. 1031235247121 PP.6317.PP . , Ihr Ei nkauf bei End-to-End-Ref.: 1031235247121 PP.6317.PP PAYPAL Mandatsref: 4F7J224VSB6UL Gläubiger-ID: LU96ZZZ0000000000000000058 SEPA-BASISLASTSCHRIFT wiederholend;-40;EUR;DE88250450480561897920;Online- & Einzelhandel
13.12.23;13.12.23;Lastschrift;PayPal Europe S.a.r.l. et Cie S.C.A 1031235227803/PP.6317.PP/. , Ihr Ei nkauf bei End-to-End-Ref.: 1031235227803 Mandatsref: 4F7J224VSB6UL Gläubiger-ID: LU96ZZZ0000000000000000058 SEPA-BASISLASTSCHRIFT wiederholend;-18,87;EUR;DE88250450480561897920;Online- & Einzelhandel
12.12.23;12.12.23;Lastschrift;REWE SAGT DANKE. 41400351//Hamburg/ 2023-12-11T14:47:14 KFN 0  VJ 2412 Kartenzahlung;-25,26;EUR;DE88250450480561897920;Lebenshaltung
12.12.23;12.12.23;Lastschrift;PayPal (Europe) S.a r.l. et Cie, S. C.A. 1031175696440 PP.6317.PP . , Ihr Ei nkauf bei End-to-End-Ref.: 1031175696440 PP.6317.PP PAYPAL Mandatsref: 4F7J224VSB6UL Gläubiger-ID: LU96ZZZ0000000000000000058 SEPA-BASISLASTSCHRIFT wiederholend;-6;EUR;DE88250450480561897920;Online- & Einzelhandel
12.12.23;12.12.23;Lastschrift;AMAZON PAYMENTS EUROPE S.C.A. 302-9596830-5752360 AMZN Mktp DE 7C 20WNOBPZN4S5FC End-to-End-Ref.: 7C20WNOBPZN4S5FC Mandatsref: cg?D.cLrbGooKkIFHsiYp7mDfxlYSf Gläubiger-ID: DE94ZZZ00000561653 SEPA-BASISLASTSCHRIFT wiederholend;-337,24;EUR;DE88250450480561897920;Online- & Einzelhandel
11.12.23;11.12.23;Lastschrift;Subway HH Hbf Wandelhalle//Hamburg/ 2023-12-10T19:21:32 KFN 0  VJ 2412 Kartenzahlung;-8,49;EUR;DE88250450480561897920;Restaurants & Bars
11.12.23;11.12.23;Lastschrift;BurgerKing 31072 SOT//HAMBURG/DE 2023-12-07T19:56:05 KFN 0  VJ 2412 Kartenzahlung;-6,49;EUR;DE88250450480561897920;Online- & Einzelhandel
11.12.23;11.12.23;Lastschrift;UCI KINOWELT MUNDSBURG//HAMBURG/DE 2023-12-08T17:04:19 KFN 0  VJ 2412 Kartenzahlung;-9,8;EUR;DE88250450480561897920;Freizeit
11.12.23;11.12.23;Lastschrift;Thalia Buchhandlung Nord Thalia Buchhandlung Nord GmbH Co. K 2023-12-08T19:50:30 KFN 0  VJ 2412 Kartenzahlung;-19,86;EUR;DE88250450480561897920;Online- & Einzelhandel
11.12.23;11.12.23;Lastschrift;PENNY SAGT DANKE. 31300135//Hamburg 2023-12-09T20:30:42 KFN 0  VJ 2412 Kartenzahlung;-14,85;EUR;DE88250450480561897920;Lebenshaltung
11.12.23;11.12.23;Lastschrift;PENNY SAGT DANKE. 31300135//Hamburg 2023-12-08T20:44:55 KFN 0  VJ 2412 Kartenzahlung;-46,3;EUR;DE88250450480561897920;Lebenshaltung
11.12.23;11.12.23;Lastschrift;SumUp  .Cafe David/Grindelhof 63/Ha 2023-12-08T14:33:20 KFN 0  VJ 2412 Kartenzahlung;-14;EUR;DE88250450480561897920;Restaurants & Bars
08.12.23;08.12.23;Lastschrift;Frittenwerk Düsseldorf HBF//DÜSSELD 2023-12-06T13:37:50 KFN 0  VJ 2412 Kartenzahlung;-9,6;EUR;DE88250450480561897920;Restaurants & Bars
07.12.23;07.12.23;Lastschrift;01375 MCDONALDS//DUESSELDORF/DE 2023-12-06T08:42:08 KFN 0  VJ 2412 Kartenzahlung;-5,74;EUR;DE88250450480561897920;Restaurants & Bars
07.12.23;07.12.23;Lastschrift;Tains - mein-asiamarkt GmbH//Duesse 2023-12-06T13:15:55 KFN 0  VJ 2412 Kartenzahlung;-17,35;EUR;DE88250450480561897920;Restaurants & Bars
05.12.23;05.12.23;Lastschrift;NANU NANA//Hamburg/DE 2023-12-04T12:19:18 KFN 0  VJ 2412 Kartenzahlung;-61,55;EUR;DE88250450480561897920;Instandhaltung
05.12.23;05.12.23;Lastschrift;REWE SAGT DANKE. 41400141//Hamburg 2023-12-04T11:23:37 KFN 0  VJ 2412 Kartenzahlung;-17,65;EUR;DE88250450480561897920;Lebenshaltung
05.12.23;05.12.23;Lastschrift;PayPal (Europe) S.a r.l. et Cie, S. C.A. 1031009460030 PP.6317.PP . Grover G roup GmbH, Ihr Einkauf bei Grover G roup GmbH End-to-End-Ref.: 1031009460030 PP.6317.PP PAYPAL Mandatsref: 4F7J224VSB6UL Gläubiger-ID: LU96ZZZ0000000000000000058 SEPA-BASISLASTSCHRIFT wiederholend;-22,9;EUR;DE88250450480561897920;Online- & Einzelhandel
05.12.23;05.12.23;Lastschrift;PayPal Europe S.a.r.l. et Cie S.C.A 1031031276583/PP.6317.PP/. Grover G roup GmbH, Ihr Einkauf bei Grover G roup GmbH End-to-End-Ref.: 1031031276583 Mandatsref: 4F7J224VSB6UL Gläubiger-ID: LU96ZZZ0000000000000000058 SEPA-BASISLASTSCHRIFT wiederholend;-17,9;EUR;DE88250450480561897920;Online- & Einzelhandel
05.12.23;05.12.23;Lastschrift;PayPal Europe S.a.r.l. et Cie S.C.A 1031044317063/PP.6317.PP/. United C inemas International Multiplex GmbH , Ihr Einkauf bei United Cinemas In ternational Multiplex GmbH End-to-End-Ref.: 1031044317063 Mandatsref: 4F7J224VSB6UL Gläubiger-ID: LU96ZZZ0000000000000000058 SEPA-BASISLASTSCHRIFT wiederholend;-1,5;EUR;DE88250450480561897920;Freizeit
04.12.23;04.12.23;Lastschrift;PENNY SAGT DANKE. 31300007//Hamburg 2023-11-30T17:43:19 KFN 0  VJ 2412 Kartenzahlung;-28,43;EUR;DE88250450480561897920;Lebenshaltung
04.12.23;04.12.23;Lastschrift;CA//Hamburg Hamburger Strasse/DE 2023-12-02T16:46:27 KFN 0  VJ 2412 Kartenzahlung;-25,98;EUR;DE88250450480561897920;Online- & Einzelhandel
30.11.23;30.11.23;Zinsen/Entgelte;Kontoführung Konto  562897900 EUR BLZ   200 400 48 vom 01.11.2023 bis 30.11.2023 Kontoführung            0,00  EUR SMS für mobileTAN Posten       6  je      0,12  EUR Betrag                  0,72- EUR;-0,72;EUR;DE88250450480561897920;Banken & Kredite
29.11.23;29.11.23;Lastschrift;BurgerKing 21942 SOT//HAMBURG/DE 2023-11-27T21:01:45 KFN 0  VJ 2412 Kartenzahlung;-4,28;EUR;DE88250450480561897920;Online- & Einzelhandel
29.11.23;29.11.23;Lastschrift;Hanoi Deli//Hamburg/DE 2023-11-28T20:16:20 KFN 0  VJ 2412 Kartenzahlung;-17;EUR;DE88250450480561897920;Restaurants & Bars
29.11.23;29.11.23;Lastschrift;REWE SAGT DANKE. 41400112//Hamburg/ 2023-11-28T18:23:02 KFN 0  VJ 2412 Kartenzahlung;-3,82;EUR;DE88250450480561897920;Lebenshaltung
28.11.23;28.11.23;Lastschrift;Kiosk Rosi Gulsen Koca//Hamburg/DE 2023-11-27T09:16:33 KFN 0  VJ 2412 Kartenzahlung;-6;EUR;DE88250450480561897920;Online- & Einzelhandel
28.11.23;28.11.23;Lastschrift;HAMBURG 570//HAMBURG/DE 2023-11-27T09:15:58 KFN 0  VJ 2412 Kartenzahlung;-1,95;EUR;DE88250450480561897920;Online- & Einzelhandel
28.11.23;28.11.23;Lastschrift;SumUp  .Match Langenho/Tangstedter 2023-11-25T15:48:08 KFN 0  VJ 2412 Kartenzahlung;-9;EUR;DE88250450480561897920;Online- & Einzelhandel
28.11.23;28.11.23;Lastschrift;PayPal Europe S.a.r.l. et Cie S.C.A 1030878158684/PP.6317.PP/. United C inemas International Multiplex GmbH , Ihr Einkauf bei United Cinemas In ternational Multiplex GmbH End-to-End-Ref.: 1030878158684 Mandatsref: 4F7J224VSB6UL Gläubiger-ID: LU96ZZZ0000000000000000058 SEPA-BASISLASTSCHRIFT wiederholend;-12,9;EUR;DE88250450480561897920;Freizeit
27.11.23;27.11.23;Lastschrift;UCI KINOWELT MUNDSBURG//HAMBURG/DE 2023-11-26T20:05:04 KFN 0  VJ 2412 Kartenzahlung;-10,8;EUR;DE88250450480561897920;Freizeit
27.11.23;27.11.23;Lastschrift;REWE SAGT DANKE. 41400351//Hamburg/ 2023-11-25T17:04:53 KFN 0  VJ 2412 Kartenzahlung;-14,42;EUR;DE88250450480561897920;Lebenshaltung
27.11.23;27.11.23;Überweisung;Petra Gusto PC M NATL Z SCH SS K NO End-to-End-Ref.: NOTPROVIDED Kundenreferenz: NSCT2311270008400000000000000000005;900;EUR;DE88250450480561897920;Einnahmen
21.11.23;21.11.23;Lastschrift;PayPal (Europe) S.a r.l. et Cie, S. C.A. 1030723230067 PP.6317.PP . DB Vertr ieb GmbH, Ihr Einkauf bei DB Vertri eb GmbH End-to-End-Ref.: 1030723230067 PP.6317.PP PAYPAL Mandatsref: 4F7J224VSB6UL Gläubiger-ID: LU96ZZZ0000000000000000058 SEPA-BASISLASTSCHRIFT wiederholend;-9,6;EUR;DE88250450480561897920;Mobilität & Auto
21.11.23;21.11.23;Lastschrift;PayPal Europe S.a.r.l. et Cie S.C.A 1030724385122/PP.6317.PP/. United C inemas International Multiplex GmbH , Ihr Einkauf bei United Cinemas In ternational Multiplex GmbH End-to-End-Ref.: 1030724385122 Mandatsref: 4F7J224VSB6UL Gläubiger-ID: LU96ZZZ0000000000000000058 SEPA-BASISLASTSCHRIFT wiederholend;-15,5;EUR;DE88250450480561897920;Freizeit
20.11.23;20.11.23;Lastschrift;UCI LUXE POTSDAM//POTSDAM/DE 2023-11-19T17:06:03 KFN 0  VJ 2412 Kartenzahlung;-9,8;EUR;DE88250450480561897920;Online- & Einzelhandel
20.11.23;20.11.23;Lastschrift;Neue Eilbeker Apotheke//Hamburg/DE 2023-11-17T09:36:00 KFN 0  VJ 2412 Kartenzahlung;-23,08;EUR;DE88250450480561897920;Lebenshaltung
20.11.23;20.11.23;Lastschrift;BurgerKing 31072 SOT//HAMBURG/DE 2023-11-16T20:06:18 KFN 0  VJ 2412 Kartenzahlung;-11,99;EUR;DE88250450480561897920;Online- & Einzelhandel
17.11.23;17.11.23;Lastschrift;01362 MCDONALDS//HAMBURG/DE 2023-11-16T19:51:33 KFN 0  VJ 2412 Kartenzahlung;-4,08;EUR;DE88250450480561897920;Restaurants & Bars
17.11.23;17.11.23;Lastschrift;PayPal Europe S.a.r.l. et Cie S.C.A 1030642583808/PP.6317.PP/. United C inemas International Multiplex GmbH , Ihr Einkauf bei United Cinemas In ternational Multiplex GmbH End-to-End-Ref.: 1030642583808 Mandatsref: 4F7J224VSB6UL Gläubiger-ID: LU96ZZZ0000000000000000058 SEPA-BASISLASTSCHRIFT wiederholend;-1,5;EUR;DE88250450480561897920;Freizeit
16.11.23;16.11.23;Lastschrift;UCI KINOWELT MUNDSBURG//HAMBURG/DE 2023-11-15T17:04:57 KFN 0  VJ 2412 Kartenzahlung;-10,9;EUR;DE88250450480561897920;Freizeit
15.11.23;15.11.23;Lastschrift;Billardcafe TRIO/Holzmhlenstrae/Ham 2023-11-14T21:16:39 KFN 0  VJ 2412 Kartenzahlung;-22,6;EUR;DE88250450480561897920;Restaurants & Bars
14.11.23;14.11.23;Lastschrift;UCI KINOWELT MUNDSBURG//HAMBURG/DE 2023-11-13T20:08:47 KFN 0  VJ 2412 Kartenzahlung;-9,8;EUR;DE88250450480561897920;Freizeit
14.11.23;14.11.23;Lastschrift;SumUp  .Baris Frischma/Eilbeker Weg 2023-11-12T13:02:15 KFN 0  VJ 2412 Kartenzahlung;-8,98;EUR;DE88250450480561897920;Online- & Einzelhandel
14.11.23;14.11.23;Lastschrift;AMAZON DIGITAL GERMANY GMBH D01-9534898-1240612 Prime Video TVO D AQPQ7MWW69ZP1CR8 End-to-End-Ref.: AQPQ7MWW69ZP1CR8 Mandatsref: cg?D.cLrbGooKkIFHsiYp7mDfxlYSf Gläubiger-ID: DE96ZZZ00000594888 SEPA-BASISLASTSCHRIFT wiederholend;-4,98;EUR;DE88250450480561897920;Freizeit
14.11.23;14.11.23;Lastschrift;PayPal Europe S.a.r.l. et Cie S.C.A 1030553712850/PP.6317.PP/. DisneyPl us, Ihr Einkauf bei DisneyPlus End-to-End-Ref.: 1030553712850 Mandatsref: 4F7J224VSB6UL Gläubiger-ID: LU96ZZZ0000000000000000058 SEPA-BASISLASTSCHRIFT wiederholend;-8,99;EUR;DE88250450480561897920;Freizeit
13.11.23;13.11.23;Lastschrift;EDEKA CLAUSEN SAGT DANKE//HAMBURG/D 2023-11-11T18:42:13 KFN 0  VJ 2412 Kartenzahlung;-25,41;EUR;DE88250450480561897920;Lebenshaltung
09.11.23;09.11.23;Lastschrift;PayPal Europe S.a.r.l. et Cie S.C.A 1030481025779/PP.6317.PP/. , Ihr Ei nkauf bei End-to-End-Ref.: 1030481025779 Mandatsref: 4F7J224VSB6UL Gläubiger-ID: LU96ZZZ0000000000000000058 SEPA-BASISLASTSCHRIFT wiederholend;-18,83;EUR;DE88250450480561897920;Online- & Einzelhandel
08.11.23;08.11.23;Lastschrift;CINEMAXX CINETAINME//HAMBURG/DE 2023-11-07T19:34:46 KFN 0  VJ 2412 Kartenzahlung;-11,49;EUR;DE88250450480561897920;Freizeit
07.11.23;07.11.23;Lastschrift;REWE SAGT DANKE. 41400351//Hamburg/ 2023-11-06T18:51:34 KFN 0  VJ 2412 Kartenzahlung;-39,49;EUR;DE88250450480561897920;Lebenshaltung
07.11.23;07.11.23;Lastschrift;AMAZON DIGITAL GERMANY GMBH D01-2819843-1835816 Prime Video TVO D 44ULWHGDOB8WFA2W End-to-End-Ref.: 44ULWHGDOB8WFA2W Mandatsref: cg?D.cLrbGooKkIFHsiYp7mDfxlYSf Gläubiger-ID: DE96ZZZ00000594888 SEPA-BASISLASTSCHRIFT wiederholend;-7,34;EUR;DE88250450480561897920;Freizeit
06.11.23;06.11.23;Lastschrift;ESPRESSO HOUSE//Hamburg/DE/0 2023-11-01T15:00:59 KFN 0  VJ 2412 Kartenzahlung;-4,9;EUR;DE88250450480561897920;Restaurants & Bars
06.11.23;06.11.23;Lastschrift;PayPal Europe S.a.r.l. et Cie S.C.A 1030388432558/PP.6317.PP/. Grover G roup GmbH, Ihr Einkauf bei Grover G roup GmbH End-to-End-Ref.: 1030388432558 Mandatsref: 4F7J224VSB6UL Gläubiger-ID: LU96ZZZ0000000000000000058 SEPA-BASISLASTSCHRIFT wiederholend;-17,9;EUR;DE88250450480561897920;Online- & Einzelhandel
03.11.23;03.11.23;Lastschrift;SumUp  .Naironus GmbH//Berlin/DE/0 2023-11-01T09:07:24 KFN 0  VJ 2412 Kartenzahlung;-4,8;EUR;DE88250450480561897920;Online- & Einzelhandel
03.11.23;03.11.23;Lastschrift;PayPal Europe S.a.r.l. et Cie S.C.A 1030366079206/PP.6317.PP/. Grover G roup GmbH, Ihr Einkauf bei Grover G roup GmbH End-to-End-Ref.: 1030366079206 Mandatsref: 4F7J224VSB6UL Gläubiger-ID: LU96ZZZ0000000000000000058 SEPA-BASISLASTSCHRIFT wiederholend;-22,9;EUR;DE88250450480561897920;Online- & Einzelhandel
31.10.23;31.10.23;Überweisung;Olesta MONATL.ZUSCHUSS 11/23 End-to-End-Ref.: NOTPROVIDED Kundenreferenz: NSCT2310310003620000000000000000008;200;EUR;DE88250450480561897920;Einnahmen
31.10.23;31.10.23;Überweisung;Hunrich AUFLADEN AUSGABEN Nov 23 End-to-End-Ref.: NOTPROVIDED Kundenreferenz: NSCT2310310003620000000000000000006;250;EUR;DE88250450480561897920;Einnahmen
31.10.23;31.10.23;Lastschrift;1360-30105 Gudow Nord//Gudow/DE 2023-10-27T12:25:45 KFN 0  VJ 2412 Kartenzahlung;-1;EUR;DE88250450480561897920;Restaurants & Bars
31.10.23;31.10.23;Lastschrift;PayPal Europe S.a.r.l. et Cie S.C.A 1030266696625/PP.6317.PP/. kinoheld  GmbH, Ihr Einkauf bei kinoheld Gmb H End-to-End-Ref.: 1030266696625 Mandatsref: 4F7J224VSB6UL Gläubiger-ID: LU96ZZZ0000000000000000058 SEPA-BASISLASTSCHRIFT wiederholend;-11,55;EUR;DE88250450480561897920;Freizeit
24.10.23;24.10.23;Lastschrift;1599-10106 WITTSTOCK//Wittstock/DE 2023-10-23T14:26:16 KFN 0  VJ 2412 Kartenzahlung;-1;EUR;DE88250450480561897920;Online- & Einzelhandel
24.10.23;24.10.23;Lastschrift;PRIGNITZ WEST//Heiligengrabe/DE 2023-10-23T14:33:08 KFN 0  VJ 2412 Kartenzahlung;-4,23;EUR;DE88250450480561897920;Online- & Einzelhandel
24.10.23;24.10.23;Lastschrift;PayPal Europe S.a.r.l. et Cie S.C.A 1030107924884 PP.6317.PP . Domino's  Pizza Netherlands B.V., Ihr Einkau f bei Domino's Pizza Netherlands B. V. End-to-End-Ref.: 1030107924884 Mandatsref: 4F7J224VSB6UL Gläubiger-ID: LU96ZZZ0000000000000000058 SEPA-BASISLASTSCHRIFT wiederholend;-12,98;EUR;DE88250450480561897920;Restaurants & Bars
23.10.23;23.10.23;Lastschrift;REWE SAGT DANKE. 41400141//Hamburg 2023-10-20T12:11:11 KFN 0  VJ 2412 Kartenzahlung;-13,04;EUR;DE88250450480561897920;Lebenshaltung
20.10.23;20.10.23;Lastschrift;EDEKA ARFF//HAMBURG/DE 2023-10-19T15:50:51 KFN 0  VJ 2412 Kartenzahlung;-3,13;EUR;DE88250450480561897920;Lebenshaltung
20.10.23;20.10.23;Lastschrift;FRISCHEMARKT ALTONA TAMME//HAMBURG/ 2023-10-19T11:17:54 KFN 0  VJ 2412 Kartenzahlung;-4,87;EUR;DE88250450480561897920;Lebenshaltung
20.10.23;20.10.23;Lastschrift;asiahung authentic GIR 69044616//HA 2023-10-17T13:13:04 KFN 0  VJ 2412 Kartenzahlung;-10,9;EUR;DE88250450480561897920;Restaurants & Bars
20.10.23;20.10.23;Lastschrift;PayPal (Europe) S.a r.l. et Cie, S. C.A. 1030073645411 PP.6317.PP . United C inemas International Multiplex GmbH , Ihr Einkauf bei United Cinemas In ternational Multiplex GmbH End-to-End-Ref.: 1030073645411 PP.6317.PP PAYPAL Mandatsref: 4F7J224VSB6UL Gläubiger-ID: LU96ZZZ0000000000000000058 SEPA-BASISLASTSCHRIFT wiederholend;-7,9;EUR;DE88250450480561897920;Freizeit
19.10.23;19.10.23;Lastschrift;UCI KINOWELT MUNDSBURG//HAMBURG/DE 2023-10-18T19:45:29 KFN 0  VJ 2412 Kartenzahlung;-12,1;EUR;DE88250450480561897920;Freizeit
19.10.23;19.10.23;Lastschrift;JIM BLOCK, WANDSBEK//HAMBURG/DE 2023-10-18T14:58:21 KFN 0  VJ 2412 Kartenzahlung;-14,6;EUR;DE88250450480561897920;Restaurants & Bars
19.10.23;19.10.23;Lastschrift;Spar express Bhf//Hamburg/DE/0 2023-10-17T11:06:16 KFN 0  VJ 2412 Kartenzahlung;-10,02;EUR;DE88250450480561897920;Restaurants & Bars
19.10.23;19.10.23;Lastschrift;PayPal Europe S.a.r.l. et Cie S.C.A 1030054076917 PP.6317.PP . DB Vertr ieb GmbH, Ihr Einkauf bei DB Vertri eb GmbH End-to-End-Ref.: 1030054076917 Mandatsref: 4F7J224VSB6UL Gläubiger-ID: LU96ZZZ0000000000000000058 SEPA-BASISLASTSCHRIFT wiederholend;-42,35;EUR;DE88250450480561897920;Mobilität & Auto
17.10.23;17.10.23;Lastschrift;MATRATZEN CONCORD ELV61738709 13.10 16.34 ME0 MATRATZ EN CONCORD SAGT DANK End-to-End-Ref.: IC-15313227112 Mandatsref: 6173870913162310131634 Gläubiger-ID: DE11ZZZ00000009471 SEPA-BASISLASTSCHRIFT einmalig;-16,9;EUR;DE88250450480561897920;Instandhaltung
17.10.23;17.10.23;Lastschrift;PayPal Europe S.a.r.l. et Cie S.C.A 1030028560358 PP.6317.PP . DB Vertr ieb GmbH, Ihr Einkauf bei DB Vertri eb GmbH End-to-End-Ref.: 1030028560358 Mandatsref: 4F7J224VSB6UL Gläubiger-ID: LU96ZZZ0000000000000000058 SEPA-BASISLASTSCHRIFT wiederholend;-17,9;EUR;DE88250450480561897920;Mobilität & Auto
16.10.23;16.10.23;Lastschrift;KFC 362 HAMBURG//HAMBURG/DE 2023-10-12T19:11:00 KFN 0  VJ 2412 Kartenzahlung;-6,49;EUR;DE88250450480561897920;Restaurants & Bars
16.10.23;16.10.23;Lastschrift;REWE SAGT DANKE. 41400351//Hamburg/ 2023-10-13T20:47:10 KFN 0  VJ 2412 Kartenzahlung;-34,24;EUR;DE88250450480561897920;Lebenshaltung
16.10.23;16.10.23;Lastschrift;PayPal Europe S.a.r.l. et Cie S.C.A 1029956912801 PP.6317.PP . United C inemas International Multiplex GmbH , Ihr Einkauf bei United Cinemas In ternational Multiplex GmbH End-to-End-Ref.: 1029956912801 Mandatsref: 4F7J224VSB6UL Gläubiger-ID: LU96ZZZ0000000000000000058 SEPA-BASISLASTSCHRIFT wiederholend;-6,9;EUR;DE88250450480561897920;Freizeit
13.10.23;13.10.23;Lastschrift;UCI KINOWELT MUNDSBURG//HAMBURG/DE 2023-10-12T19:56:41 KFN 0  VJ 2412 Kartenzahlung;-10,9;EUR;DE88250450480561897920;Freizeit
13.10.23;13.10.23;Lastschrift;PayPal Europe S.a.r.l. et Cie S.C.A 1029931719240 PP.6317.PP . DisneyPl us, Ihr Einkauf bei DisneyPlus End-to-End-Ref.: 1029931719240 Mandatsref: 4F7J224VSB6UL Gläubiger-ID: LU96ZZZ0000000000000000058 SEPA-BASISLASTSCHRIFT wiederholend;-8,99;EUR;DE88250450480561897920;Freizeit
12.10.23;12.10.23;Lastschrift;PayPal Europe S.a.r.l. et Cie S.C.A 1029917269561 PP.6317.PP . United C inemas International Multiplex GmbH , Ihr Einkauf bei United Cinemas In ternational Multiplex GmbH End-to-End-Ref.: 1029917269561 Mandatsref: 4F7J224VSB6UL Gläubiger-ID: LU96ZZZ0000000000000000058 SEPA-BASISLASTSCHRIFT wiederholend;-9,4;EUR;DE88250450480561897920;Freizeit
12.10.23;12.10.23;Lastschrift;PayPal Europe S.a.r.l. et Cie S.C.A 1029928588684 PP.6317.PP . Udemy Ir eland, Ltd, Ihr Einkauf bei Udemy I reland, Ltd End-to-End-Ref.: 1029928588684 Mandatsref: 4F7J224VSB6UL Gläubiger-ID: LU96ZZZ0000000000000000058 SEPA-BASISLASTSCHRIFT wiederholend;-12,99;EUR;DE88250450480561897920;Lebenshaltung
11.10.23;11.10.23;Lastschrift;UCI KINOWELT MUNDSBURG//HAMBURG/DE 2023-10-10T19:21:42 KFN 0  VJ 2412 Kartenzahlung;-10,9;EUR;DE88250450480561897920;Freizeit
11.10.23;11.10.23;Lastschrift;EDEKA ARFF//HAMBURG/DE 2023-10-10T16:16:33 KFN 0  VJ 2412 Kartenzahlung;-5,09;EUR;DE88250450480561897920;Lebenshaltung
09.10.23;09.10.23;Lastschrift;EDEKA ARFF//HAMBURG/DE 2023-10-06T08:42:33 KFN 0  VJ 2412 Kartenzahlung;-2,94;EUR;DE88250450480561897920;Lebenshaltung
09.10.23;09.10.23;Lastschrift;REWE SAGT DANKE. 41400351//Hamburg/ 2023-10-07T12:24:50 KFN 0  VJ 2412 Kartenzahlung;-48,79;EUR;DE88250450480561897920;Lebenshaltung
06.10.23;06.10.23;Lastschrift;Quan Do Restaurant/Georgsplatz/Hamb 2023-10-04T17:17:17 KFN 0  VJ 2412 Kartenzahlung;-17;EUR;DE88250450480561897920;Restaurants & Bars
06.10.23;06.10.23;Lastschrift;PayPal Europe S.a.r.l. et Cie S.C.A 1029793089320 PP.6317.PP . Domino's  Pizza Netherlands B.V., Ihr Einkau f bei Domino's Pizza Netherlands B. V. End-to-End-Ref.: 1029793089320 Mandatsref: 4F7J224VSB6UL Gläubiger-ID: LU96ZZZ0000000000000000058 SEPA-BASISLASTSCHRIFT wiederholend;-9,98;EUR;DE88250450480561897920;Restaurants & Bars
05.10.23;05.10.23;Lastschrift;BUDNI SAGT DANKE//HAMBURG/DE 2023-10-04T17:35:44 KFN 0  VJ 2412 Kartenzahlung;-6,98;EUR;DE88250450480561897920;Lebenshaltung
04.10.23;04.10.23;Lastschrift;PayPal Europe S.a.r.l. et Cie S.C.A 1029766173232 PP.6317.PP . Grover G roup GmbH, Ihr Einkauf bei Grover G roup GmbH End-to-End-Ref.: 1029766173232 Mandatsref: 4F7J224VSB6UL Gläubiger-ID: LU96ZZZ0000000000000000058 SEPA-BASISLASTSCHRIFT wiederholend;-17,9;EUR;DE88250450480561897920;Online- & Einzelhandel
03.10.23;03.10.23;Lastschrift;PayPal (Europe) S.a r.l. et Cie, S. C.A. 1029734117935  . CinemaxX Cinetainm ent GmbH, Ihr Einkauf bei CinemaxX Cinetainment GmbH End-to-End-Ref.: 1029734117935 PAYPAL Mandatsref: 4F7J224VSB6UL Gläubiger-ID: LU96ZZZ0000000000000000058 SEPA-BASISLASTSCHRIFT wiederholend;-9,34;EUR;DE88250450480561897920;Freizeit
03.10.23;03.10.23;Lastschrift;PayPal Europe S.a.r.l. et Cie S.C.A 1029745122857 PP.6317.PP . Grover G roup GmbH, Ihr Einkauf bei Grover G roup GmbH End-to-End-Ref.: 1029745122857 Mandatsref: 4F7J224VSB6UL Gläubiger-ID: LU96ZZZ0000000000000000058 SEPA-BASISLASTSCHRIFT wiederholend;-22,9;EUR;DE88250450480561897920;Online- & Einzelhandel
02.10.23;02.10.23;Lastschrift;EDEKA TIMMER//HAMBURG/DE 2023-09-30T11:57:45 KFN 0  VJ 2412 Kartenzahlung;-15,95;EUR;DE88250450480561897920;Lebenshaltung
02.10.23;02.10.23;Lastschrift;KFC HH 4 NORD GMBH + CO. K//ELMENHO 2023-09-29T22:19:00 KFN 0  VJ 2412 Kartenzahlung;-3,98;EUR;DE88250450480561897920;Restaurants & Bars
02.10.23;02.10.23;Lastschrift;HSV FUSSBALL AG//HAMBURG/DE 2023-09-29T18:17:53 KFN 0  VJ 2412 Kartenzahlung;-14,95;EUR;DE88250450480561897920;Freizeit
02.10.23;02.10.23;Lastschrift;CINEMAXX CINETAINME//HAMBURG/DE 2023-10-01T20:29:57 KFN 0  VJ 2412 Kartenzahlung;-6,29;EUR;DE88250450480561897920;Freizeit
29.09.23;30.09.23;Zinsen/Entgelte;Rechnungsabschluss Konto  562897900 EUR BLZ   200 400 48 vom 30.06.2023 bis 30.09.2023 Saldo nach Abschluss  542,91  EUR w/ Genehmigung des Abschlusses;0;EUR;DE88250450480561897920;Einnahmen
29.09.23;30.09.23;Zinsen/Entgelte;Kontoführung Konto  562897900 EUR BLZ   200 400 48 vom 01.09.2023 bis 30.09.2023 Kontoführung            0,00  EUR SMS für mobileTAN Posten       2  je      0,12  EUR Betrag                  0,24- EUR;-0,24;EUR;DE88250450480561897920;Banken & Kredite
29.09.23;29.09.23;Lastschrift;00207 MCDONALDS//HAMBURG/DE 2023-09-28T15:05:19 KFN 0  VJ 2412 Kartenzahlung;-6,57;EUR;DE88250450480561897920;Restaurants & Bars
29.09.23;29.09.23;Lastschrift;LIS BOM GIR 69066760//HAMBURG/DE 2023-09-28T14:26:13 KFN 0  VJ 2412 Kartenzahlung;-4;EUR;DE88250450480561897920;Restaurants & Bars
29.09.23;29.09.23;Überweisung;Korstra AUFLADEN AUSGABEN Okt 23 End-to-End-Ref.: NOTPROVIDED Kundenreferenz: NSCT2309290008400000000000000000018;250;EUR;DE88250450480561897920;Einnahmen
28.09.23;28.09.23;Lastschrift;EDEKA TIMMER//HAMBURG/DE 2023-09-27T15:09:20 KFN 0  VJ 2412 Kartenzahlung;-89,77;EUR;DE88250450480561897920;Lebenshaltung
28.09.23;28.09.23;Lastschrift;TS Meinen + Sohne//Hamburg/DE 2023-09-27T15:17:01 KFN 0  VJ 2412 Kartenzahlung;-42,2;EUR;DE88250450480561897920;Online- & Einzelhandel
28.09.23;28.09.23;Lastschrift;EDEKA ARFF//HAMBURG/DE 2023-09-27T09:47:07 KFN 0  VJ 2412 Kartenzahlung;-5,66;EUR;DE88250450480561897920;Lebenshaltung
27.09.23;27.09.23;Lastschrift;Hamburg Hbf Burger King//Hamburg/DE 2023-09-26T17:36:51 KFN 0  VJ 2412 Kartenzahlung;-5,68;EUR;DE88250450480561897920;Restaurants & Bars
27.09.23;27.09.23;Lastschrift;PayPal Europe S.a.r.l. et Cie S.C.A 1029604668724 PP.6317.PP . Bumble, Ihr Einkauf bei Bumble End-to-End-Ref.: 1029604668724 Mandatsref: 4F7J224VSB6UL Gläubiger-ID: LU96ZZZ0000000000000000058 SEPA-BASISLASTSCHRIFT wiederholend;-32,99;EUR;DE88250450480561897920;Online- & Einzelhandel
26.09.23;26.09.23;Lastschrift;FENEBERG MARKT KRON//KEMPTEN/DE 2023-09-25T15:13:02 KFN 0  VJ 2412 Kartenzahlung;-8,87;EUR;DE88250450480561897920;Lebenshaltung
25.09.23;25.09.23;Lastschrift;Spar express Bhf//Hamburg/DE/0 2023-09-22T15:46:45 KFN 0  VJ 2412 Kartenzahlung;-7,47;EUR;DE88250450480561897920;Freizeit
22.09.23;22.09.23;Überweisung;Ertest  ZUSCHUSS 10/23 End-to-End-Ref.: NOTPROVIDED Kundenreferenz: NSCT2309220018210000000000000000012;200;EUR;DE88250450480561897920;Einnahmen
22.09.23;22.09.23;Lastschrift;Friseur Avarello//Hamburg/DE 2023-09-21T16:06:27 KFN 0  VJ 2412 Kartenzahlung;-26;EUR;DE88250450480561897920;Lebenshaltung
21.09.23;21.09.23;Lastschrift;EDEKA ARFF//HAMBURG/DE 2023-09-20T10:00:21 KFN 0  VJ 2412 Kartenzahlung;-2,54;EUR;DE88250450480561897920;Lebenshaltung
21.09.23;21.09.23;Lastschrift;PENNY SAGT DANKE. 31300135//Hamburg 2023-09-20T16:13:09 KFN 0  VJ 2412 Kartenzahlung;-4,14;EUR;DE88250450480561897920;Lebenshaltung
19.09.23;19.09.23;Überweisung;Juri AUFLADEN AUSGABEN Sep 2023 End-to-End-Ref.: NOTPROVIDED Kundenreferenz: NSCT2309190018190000000000000000011;250;EUR;DE88250450480561897920;Einnahmen
19.09.23;19.09.23;Lastschrift;PayPal Europe S.a.r.l. et Cie S.C.A 1029459110880 PP.6317.PP . , Ihr Ei nkauf bei End-to-End-Ref.: 1029459110880 Mandatsref: 4F7J224VSB6UL Gläubiger-ID: LU96ZZZ0000000000000000058 SEPA-BASISLASTSCHRIFT wiederholend;-100;EUR;DE88250450480561897920;Online- & Einzelhandel
18.09.23;18.09.23;Lastschrift;ALDI SAGT DANKE 03 010//Hamburg/DE 2023-09-16T17:52:27 KFN 0  VJ 2412 Kartenzahlung;-18,14;EUR;DE88250450480561897920;Lebenshaltung
18.09.23;18.09.23;Lastschrift;EDEKA TIMMER//HAMBURG/DE 2023-09-15T09:56:24 KFN 0  VJ 2412 Kartenzahlung;-40,97;EUR;DE88250450480561897920;Lebenshaltung
15.09.23;15.09.23;Lastschrift;DENN.S BIOMARKT GMB//HAMBURG/DE 2023-09-14T15:41:59 KFN 0  VJ 2412 Kartenzahlung;-2,28;EUR;DE88250450480561897920;Lebenshaltung
13.09.23;13.09.23;Lastschrift;REWE SAGT DANKE. 41400351//Hamburg/ 2023-09-12T15:27:30 KFN 0  VJ 2412 Kartenzahlung;-42,72;EUR;DE88250450480561897920;Lebenshaltung
12.09.23;12.09.23;Lastschrift;PENNY SAGT DANKE. 31300007//Hamburg 2023-09-11T20:16:25 KFN 0  VJ 2412 Kartenzahlung;-29,82;EUR;DE88250450480561897920;Lebenshaltung
11.09.23;11.09.23;Lastschrift;Kiosk Rosi Gulsen Koca//Hamburg/DE 2023-09-10T18:43:49 KFN 0  VJ 2412 Kartenzahlung;-8,2;EUR;DE88250450480561897920;Online- & Einzelhandel
11.09.23;11.09.23;Lastschrift;REWE SAGT DANKE. 41400349//Hamburg/ 2023-09-09T15:43:13 KFN 0  VJ 2412 Kartenzahlung;-6,72;EUR;DE88250450480561897920;Lebenshaltung
11.09.23;11.09.23;Lastschrift;Spar express 4 Bhf//Hamburg/DE/0 2023-09-07T13:30:55 KFN 0  VJ 2412 Kartenzahlung;-5,63;EUR;DE88250450480561897920;Freizeit
07.09.23;07.09.23;Lastschrift;DER ETRUSKER//HAMBURG/DE 2023-09-06T15:31:38 KFN 0  VJ 2412 Kartenzahlung;-28;EUR;DE88250450480561897920;Online- & Einzelhandel
06.09.23;06.09.23;Lastschrift;SUBWAY MUNDSBURG//Hamburg/DE 2023-09-05T12:15:10 KFN 0  VJ 2412 Kartenzahlung;-7,48;EUR;DE88250450480561897920;Restaurants & Bars
05.09.23;05.09.23;Lastschrift;EDEKA LADE//HAMBURG/DE 2023-09-04T18:41:28 KFN 0  VJ 2412 Kartenzahlung;-5,07;EUR;DE88250450480561897920;Lebenshaltung
05.09.23;05.09.23;Lastschrift;PayPal (Europe) S.a r.l. et Cie, S. C.A. 1029155929572 PP.6317.PP . Grover G roup GmbH, Ihr Einkauf bei Grover G roup GmbH End-to-End-Ref.: 1029155929572 PP.6317.PP PAYPAL Mandatsref: 4F7J224VSB6UL Gläubiger-ID: LU96ZZZ0000000000000000058 SEPA-BASISLASTSCHRIFT wiederholend;-22,9;EUR;DE88250450480561897920;Online- & Einzelhandel
05.09.23;05.09.23;Lastschrift;PayPal Europe S.a.r.l. et Cie S.C.A 1029174209654 PP.6317.PP . Grover G roup GmbH, Ihr Einkauf bei Grover G roup GmbH End-to-End-Ref.: 1029174209654 Mandatsref: 4F7J224VSB6UL Gläubiger-ID: LU96ZZZ0000000000000000058 SEPA-BASISLASTSCHRIFT wiederholend;-17,9;EUR;DE88250450480561897920;Online- & Einzelhandel
04.09.23;04.09.23;Lastschrift;BurgerKing 21942 SOT//HAMBURG/DE 2023-08-31T17:52:29 KFN 0  VJ 2412 Kartenzahlung;-4,48;EUR;DE88250450480561897920;Online- & Einzelhandel
04.09.23;04.09.23;Lastschrift;UCI KINOWELT MUNDSBURG//HAMBURG/DE 2023-09-01T20:05:23 KFN 0  VJ 2412 Kartenzahlung;-10,9;EUR;DE88250450480561897920;Freizeit
04.09.23;04.09.23;Lastschrift;Aramark - HSV Volksparkstadion//HAM 2023-09-03T13:03:02 KFN 0  VJ 2412 Kartenzahlung;-21;EUR;DE88250450480561897920;Restaurants & Bars
04.09.23;04.09.23;Lastschrift;EDEKA LADE//HAMBURG/DE 2023-09-02T17:23:00 KFN 0  VJ 2412 Kartenzahlung;-2,89;EUR;DE88250450480561897920;Lebenshaltung
04.09.23;04.09.23;Lastschrift;UCI KINOWELT MUNDSBURG//HAMBURG/DE 2023-09-01T19:56:40 KFN 0  VJ 2412 Kartenzahlung;-7,9;EUR;DE88250450480561897920;Freizeit
04.09.23;04.09.23;Lastschrift;Kiosk Rosi Gulsen Koca//Hamburg/DE 2023-09-01T18:00:38 KFN 0  VJ 2412 Kartenzahlung;-4,8;EUR;DE88250450480561897920;Online- & Einzelhandel
04.09.23;04.09.23;Lastschrift;ALDI SAGT DANKE 03 010//Hamburg/DE 2023-09-01T10:03:58 KFN 0  VJ 2412 Kartenzahlung;-26,39;EUR;DE88250450480561897920;Lebenshaltung
04.09.23;04.09.23;Lastschrift;PRIV. ADLER APOTHEK//HAMBURG/DE 2023-09-02T15:34:02 KFN 0  VJ 2412 Kartenzahlung;-9,95;EUR;DE88250450480561897920;Lebenshaltung
29.08.23;29.08.23;Überweisung;berd ZUSCHUSS 09/23 End-to-End-Ref.: NOTPROVIDED Kundenreferenz: NSCT2308290003320000000000000000006;200;EUR;DE88250450480561897920;Einnahmen
29.08.23;29.08.23;Lastschrift;AMAZON DIGITAL GERMANY GMBH D01-8547071-2351031 Prime Video Cha nnels W25S336BDST6VRQA End-to-End-Ref.: W25S336BDST6VRQA Mandatsref: cg?D.cLrbGooKkIFHsiYp7mDfxlYSf Gläubiger-ID: DE96ZZZ00000594888 SEPA-BASISLASTSCHRIFT wiederholend;-4;EUR;DE88250450480561897920;Freizeit
28.08.23;28.08.23;Lastschrift;Kiosk Kiosk//Hamburg/DE 2023-08-25T18:55:54 KFN 0  VJ 2412 Kartenzahlung;-10,6;EUR;DE88250450480561897920;Online- & Einzelhandel
28.08.23;28.08.23;Lastschrift;Kaufland Hamburg//Hamburg/DE 2023-08-25T19:42:41 KFN 0  VJ 2412 Kartenzahlung;-4,98;EUR;DE88250450480561897920;Lebenshaltung
25.08.23;25.08.23;Überweisung;Gutzur  AUFLADEN AUSGABEN Sep 23 End-to-End-Ref.: NOTPROVIDED Kundenreferenz: NSCT2308250014720000000000000000013;250;EUR;DE88250450480561897920;Einnahmen
24.08.23;24.08.23;Lastschrift;EDEKA SEMPERHAUS L.TAMME//HAMBURG/D 2023-08-23T08:46:42 KFN 0  VJ 2412 Kartenzahlung;-5,53;EUR;DE88250450480561897920;Lebenshaltung
24.08.23;24.08.23;Lastschrift;PundB 102//Hamburg/DE 2023-08-23T08:21:09 KFN 0  VJ 2412 Kartenzahlung;-8,3;EUR;DE88250450480561897920;Restaurants & Bars
24.08.23;24.08.23;Lastschrift;00207 MCDONALDS//HAMBURG/DE 2023-08-23T09:03:38 KFN 0  VJ 2412 Kartenzahlung;-6,84;EUR;DE88250450480561897920;Restaurants & Bars
23.08.23;23.08.23;Lastschrift;BurgerKing 21942 SOT//HAMBURG/DE 2023-08-21T11:21:44 KFN 0  VJ 2412 Kartenzahlung;-4,28;EUR;DE88250450480561897920;Online- & Einzelhandel
23.08.23;23.08.23;Lastschrift;00207 MCDONALDS//HAMBURG/DE 2023-08-22T16:26:17 KFN 0  VJ 2412 Kartenzahlung;-3,79;EUR;DE88250450480561897920;Restaurants & Bars
21.08.23;21.08.23;Lastschrift;ARAMARK I.HS. VOLKSPARKSTADION//Ham 2023-08-19T21:33:13 KFN 0  VJ 2412 Kartenzahlung;-33;EUR;DE88250450480561897920;Restaurants & Bars
21.08.23;21.08.23;Lastschrift;00207 MCDONALDS//HAMBURG/DE 2023-08-18T10:19:32 KFN 0  VJ 2412 Kartenzahlung;-4,79;EUR;DE88250450480561897920;Restaurants & Bars
18.08.23;18.08.23;Lastschrift;PundB 101//Hamburg/DE 2023-08-17T08:19:50 KFN 0  VJ 2412 Kartenzahlung;-26,5;EUR;DE88250450480561897920;Restaurants & Bars
18.08.23;18.08.23;Lastschrift;00207 MCDONALDS//HAMBURG/DE 2023-08-17T09:07:00 KFN 0  VJ 2412 Kartenzahlung;-6,84;EUR;DE88250450480561897920;Restaurants & Bars
18.08.23;18.08.23;Lastschrift;EDEKA SEMPERHAUS L.TAMME//HAMBURG/D 2023-08-17T08:58:54 KFN 0  VJ 2412 Kartenzahlung;-7,97;EUR;DE88250450480561897920;Lebenshaltung
17.08.23;17.08.23;Lastschrift;REWE SAGT DANKE. 41658319//Hamburg/ 2023-08-16T11:58:39 KFN 0  VJ 2412 Kartenzahlung;-6,66;EUR;DE88250450480561897920;Lebenshaltung
17.08.23;17.08.23;Lastschrift;SumUp  .Korperschwerpu//Hamburg/DE/ 2023-08-15T12:43:25 KFN 0  VJ 2412 Kartenzahlung;-32,8;EUR;DE88250450480561897920;Online- & Einzelhandel
15.08.23;15.08.23;Lastschrift;PENNY SAGT DANKE. 31300135//Hamburg 2023-08-14T16:59:09 KFN 0  VJ 2412 Kartenzahlung;-8,98;EUR;DE88250450480561897920;Lebenshaltung
15.08.23;15.08.23;Lastschrift;REWE SAGT DANKE. 41400351//Hamburg/ 2023-08-14T16:40:12 KFN 0  VJ 2412 Kartenzahlung;-51,04;EUR;DE88250450480561897920;Lebenshaltung
15.08.23;15.08.23;Lastschrift;SUBWAY BALLINDAMM//Hamburg/DE 2023-08-11T19:10:25 KFN 0  VJ 2412 Kartenzahlung;-7,3;EUR;DE88250450480561897920;Restaurants & Bars
14.08.23;14.08.23;Lastschrift;EDEKA TIMMER//HAMBURG/DE 2023-08-12T15:41:43 KFN 0  VJ 2412 Kartenzahlung;-29,67;EUR;DE88250450480561897920;Lebenshaltung
11.08.23;11.08.23;Lastschrift;DENN.S BIOMARKT GMB//HAMBURG/DE 2023-08-10T15:38:15 KFN 0  VJ 2412 Kartenzahlung;-2,48;EUR;DE88250450480561897920;Lebenshaltung
10.08.23;10.08.23;Lastschrift;EDEKA TIMMER//HAMBURG/DE 2023-08-09T08:17:05 KFN 0  VJ 2412 Kartenzahlung;-4,52;EUR;DE88250450480561897920;Lebenshaltung
10.08.23;10.08.23;Lastschrift;PayPal (Europe) S.a r.l. et Cie, S. C.A. 1028673486731 PP.6317.PP . DisneyPl us, Ihr Einkauf bei DisneyPlus End-to-End-Ref.: 1028673486731 PP.6317.PP PAYPAL Mandatsref: 4F7J224VSB6UL Gläubiger-ID: LU96ZZZ0000000000000000058 SEPA-BASISLASTSCHRIFT wiederholend;-3,99;EUR;DE88250450480561897920;Freizeit
09.08.23;09.08.23;Lastschrift;PayPal (Europe) S.a r.l. et Cie, S. C.A. 1028663073116 PP.6317.PP . , Ihr Ei nkauf bei End-to-End-Ref.: 1028663073116 PP.6317.PP PAYPAL Mandatsref: 4F7J224VSB6UL Gläubiger-ID: LU96ZZZ0000000000000000058 SEPA-BASISLASTSCHRIFT wiederholend;-69;EUR;DE88250450480561897920;Online- & Einzelhandel
07.08.23;07.08.23;Lastschrift;FRISCHEMARKT HAFENTOR,VIEL//HAMBURG 2023-08-04T22:16:06 KFN 0  VJ 2412 Kartenzahlung;-2,14;EUR;DE88250450480561897920;Lebenshaltung
07.08.23;07.08.23;Lastschrift;FRISCHEMARKT HAFENTOR,VIEL//HAMBURG 2023-08-04T20:55:50 KFN 0  VJ 2412 Kartenzahlung;-1,67;EUR;DE88250450480561897920;Lebenshaltung
07.08.23;07.08.23;Lastschrift;ROSSMANN//Hamburg/DE 2023-08-04T09:29:10 KFN 0  VJ 2412 Kartenzahlung;-40,13;EUR;DE88250450480561897920;Lebenshaltung
07.08.23;07.08.23;Lastschrift;TCHIBO GMBH FIL.1583 GIR 69188528// 2023-08-04T08:54:42 KFN 0  VJ 2412 Kartenzahlung;-6,6;EUR;DE88250450480561897920;Online- & Einzelhandel
04.08.23;04.08.23;Lastschrift;EDEKA ARFF//HAMBURG/DE 2023-08-03T12:28:12 KFN 0  VJ 2412 Kartenzahlung;-2,42;EUR;DE88250450480561897920;Lebenshaltung
04.08.23;04.08.23;Lastschrift;REWE SAGT DANKE. 41400351//Hamburg/ 2023-08-03T16:36:21 KFN 0  VJ 2412 Kartenzahlung;-40,67;EUR;DE88250450480561897920;Lebenshaltung
04.08.23;04.08.23;Lastschrift;IKEA Deutschland Gmb 020814190111598241200003250 ELV6544 9804 02.08 14.19 ME0 End-to-End-Ref.: 02081419011159824120000325065449804 Mandatsref: 6544980426122308021419 Gläubiger-ID: DE67ZZZ00000169386 SEPA-BASISLASTSCHRIFT einmalig;-6,65;EUR;DE88250450480561897920;Instandhaltung
04.08.23;04.08.23;Lastschrift;PayPal (Europe) S.a r.l. et Cie, S. C.A. 1028569375466 PP.6317.PP . Grover G roup GmbH, Ihr Einkauf bei Grover G roup GmbH End-to-End-Ref.: 1028569375466 PP.6317.PP PAYPAL Mandatsref: 4F7J224VSB6UL Gläubiger-ID: LU96ZZZ0000000000000000058 SEPA-BASISLASTSCHRIFT wiederholend;-17,9;EUR;DE88250450480561897920;Online- & Einzelhandel
03.08.23;03.08.23;Lastschrift;PayPal (Europe) S.a r.l. et Cie, S. C.A. 1028549787447 PP.6317.PP . Grover G roup GmbH, Ihr Einkauf bei Grover G roup GmbH End-to-End-Ref.: 1028549787447 PP.6317.PP PAYPAL Mandatsref: 4F7J224VSB6UL Gläubiger-ID: LU96ZZZ0000000000000000058 SEPA-BASISLASTSCHRIFT wiederholend;-22,9;EUR;DE88250450480561897920;Online- & Einzelhandel
02.08.23;02.08.23;Lastschrift;MEI MOON CHINA RESTAURANT//Hamburg/ 2023-08-01T21:38:54 KFN 0  VJ 2412 Kartenzahlung;-22;EUR;DE88250450480561897920;Restaurants & Bars
01.08.23;01.08.23;Lastschrift;VPO Betriebs GmbH Hamburg 4 GIR 690 2023-07-31T19:32:53 KFN 0  VJ 2412 Kartenzahlung;-18,75;EUR;DE88250450480561897920;Online- & Einzelhandel
01.08.23;01.08.23;Lastschrift;ROSSMANN//Hamburg/DE 2023-07-31T18:03:56 KFN 0  VJ 2412 Kartenzahlung;-4;EUR;DE88250450480561897920;Lebenshaltung
27.07.23;27.07.23;Überweisung;Zutri FAHRGELD Z SC SS 08/23 End-to-End-Ref.: NOTPROVIDED Kundenreferenz: NSCT2307270018320000000000000000013;200;EUR;DE88250450480561897920;Einnahmen
26.07.23;26.07.23;Lastschrift;JIM BLOCK, FUHLSBUE//HAMBURG/DE 2023-07-25T13:40:31 KFN 0  VJ 2412 Kartenzahlung;-14,6;EUR;DE88250450480561897920;Restaurants & Bars
26.07.23;26.07.23;Lastschrift;DALLMEYERS BACKHUS 6241//HAMBURG/DE 2023-07-25T15:58:53 KFN 0  VJ 2412 Kartenzahlung;-3,3;EUR;DE88250450480561897920;Online- & Einzelhandel
25.07.23;25.07.23;Lastschrift;REWE SAGT DANKE. 41400351//Hamburg/ 2023-07-24T20:58:53 KFN 0  VJ 2412 Kartenzahlung;-19,97;EUR;DE88250450480561897920;Lebenshaltung
;;;;;;;
;;;;;;;
;;;;;;;
;;;;;;;
;;;;;;;
;;;;;;;
;;;;;;;
;;;;;;;
;;;;;;;
;;;;;;;
;;;;;;;
;;;;;;;
;;;;;;;
;;;;;;;
;;;;;;;
;;;;;;;
;;;;;;;
;;;;;;;
;;;;;;;
;;;;;;;
;;;;;;;
;;;;;;;
;;;;;;;
;;;;;;;
;;;;;;;
;;;;;;;
;;;;;;;
;;;;;;;
;;;;;;;
;;;;;;;
;;;;;;;
;;;;;;;
;;;;;;;
;;;;;;;
;;;;;;;
;;;;;;;
;;;;;;;
;;;;;;;
;;;;;;;
;;;;;;;
;;;;;;;
;;;;;;;
;;;;;;;
;;;;;;;
;;;;;;;
;;;;;;;
;;;;;;;
;;;;;;;
;;;;;;;
;;;;;;;
;;;;;;;
;;;;;;;
;;;;;;;
;;;;;;;
;;;;;;;
;;;;;;;
;;;;;;;
;;;;;;;
;;;;;;;
;;;;;;;
;;;;;;;
;;;;;;;
;;;;;;;
;;;;;;;
;;;;;;;
;;;;;;;
;;;;;;;
;;;;;;;
;;;;;;;
;;;;;;;
;;;;;;;
;;;;;;;
;;;;;;;
;;;;;;;
;;;;;;;
;;;;;;;
;;;;;;;
;;;;;;;
;;;;;;;
;;;;;;;
;;;;;;;
;;;;;;;
;;;;;;;
;;;;;;;
;;;;;;;
;;;;;;;
;;;;;;;
;;;;;;;
;;;;;;;
;;;;;;;
;;;;;;;
;;;;;;;
;;;;;;;
;;;;;;;
;;;;;;;
;;;;;;;
;;;;;;;
;;;;;;;
;;;;;;;
;;;;;;;
;;;;;;;
;;;;;;;
;;;;;;;
;;;;;;;
;;;;;;;
;;;;;;;
;;;;;;;
;;;;;;;
;;;;;;;
;;;;;;;
;;;;;;;
;;;;;;;
;;;;;;;
;;;;;;;
;;;;;;;
;;;;;;;
;;;;;;;
;;;;;;;
;;;;;;;
;;;;;;;
;;;;;;;
;;;;;;;
;;;;;;;
;;;;;;;
;;;;;;;
;;;;;;;
;;;;;;;
;;;;;;;
;;;;;;;
;;;;;;;
;;;;;;;
;;;;;;;
;;;;;;;
;;;;;;;
;;;;;;;
;;;;;;;
;;;;;;;
;;;;;;;
;;;;;;;
;;;;;;;
;;;;;;;
;;;;;;;
;;;;;;;
;;;;;;;
;;;;;;;
;;;;;;;
;;;;;;;
;;;;;;;
;;;;;;;
;;;;;;;
;;;;;;;
;;;;;;;
;;;;;;;
;;;;;;;
;;;;;;;
;;;;;;;
;;;;;;;
;;;;;;;
;;;;;;;
;;;;;;;
;;;;;;;
;;;;;;;
;;;;;;;
;;;;;;;
;;;;;;;
;;;;;;;
;;;;;;;
;;;;;;;
;;;;;;;
;;;;;;;
;;;;;;;
;;;;;;;
;;;;;;;
;;;;;;;
;;;;;;;